,name,usages
0,MARY,English|Biblical
1,CARL,German|Swedish|Norwegian|Danish|English
2,JOHNSON,English|Eastern African|English
3,SEBASTIAN,German|English|Swedish|Norwegian|Danish|Polish|Finnish|Romanian|Czech
4,GABRIELLE,French|English
5,DOMINO,Popular Culture|English (Rare)
6,EVA,Spanish|Italian|Portuguese|English|Czech|Slovak|German|Dutch|Swedish|Norwegian|Danish|Icelandic|Greek|Slovene|Bulgarian|Croatian|Russian|Georgian|Old Church Slavic|Biblical Latin
7,ALISON,English|French
8,KEL,"English (Modern, Rare)|Albanian"
9,LUCIA,Italian|German|English|Swedish|Norwegian|Danish|Romanian|Slovak|Ancient Roman
10,DANGER,English
11,BERTIE,English
12,AUGUSTE,French|German
13,VIVIAN,English|Swedish|Norwegian|Danish
14,KATHERINE,English
15,ISABELLE,French|English|German|Dutch
16,FANTA,"Swedish (Rare, Archaic)|African|Eastern African|Western African"
17,MELVIN,English
18,DAKOTA,English (Modern)
19,MAY,English
20,FLORENCE,English|French
21,FOREST,English
22,MARINE,French|Georgian
23,MARGOT,French
24,ANTONIA,Italian|Spanish|English|German|Swedish|Norwegian|Danish|Dutch|Romanian|Greek|Croatian|Bulgarian|Ancient Roman
25,TUCKER,English (Modern)
26,GRACIE,English
27,MAGALI,French|Occitan
28,PEGGY,English
29,MELINDA,English|Hungarian
30,MALALA,Pashto|Spanish
31,WILLIAM,English
32,OTTO,German|Swedish|Norwegian|Danish|Dutch|English|Finnish|Ancient Germanic
33,BINTOU,Western African
34,LILIAN,English|French
35,MAXI,Spanish|German
36,PASCAL,French|German|Dutch
37,RAJA,Arabic|Urdu|Tamil|Indian|Telugu|Malayalam|Kannada|Hindi|Marathi|Indonesian
38,SIA,Icelandic|Korean|Various
39,FILOMENA,Italian|Portuguese|Spanish
40,ZACHARIE,French
41,STEWART,English|Scottish
42,DORIS,English|German|Croatian|Ancient Greek|Greek Mythology
43,MARIO,Italian|Spanish|German|Croatian
44,MANTRA,Indian (Parsi)|Sanskrit
45,NOUR,Arabic
46,BRIGID,Irish|Irish Mythology
47,GILMER,American
48,MUSTAFA,Arabic|Turkish
49,SALLY,English
50,SIYAN,na
51,MORTIMER,English
52,BANNER,English (Rare)|English
53,EMIL,Swedish|Norwegian|Danish|German|Romanian|Bulgarian|Czech|Slovak|Polish|Russian|Slovene|Serbian|Croatian|Macedonian|Hungarian|Icelandic|English
54,LORRAINE,English
55,RIGEL,Astronomy
56,LARS,Swedish|Norwegian|Danish|Finnish|Dutch|German
57,QUEEN,English
58,PLATON,Ancient Greek|Greek|Russian
59,WALT,English
60,CORNELIUS,Ancient Roman|English|Dutch|German|Biblical
61,KATHRYN,English
62,HUBERT,English|German|Dutch|French|Polish|Ancient Germanic
63,CURRAN,English (Rare)|Irish
64,CLOVIS,Ancient Germanic (Latinized)|French
65,MERLIN,Arthurian Romance|English
66,MAIA,Greek Mythology|Roman Mythology|Portuguese|Georgian|Roman Mythology|Basque
67,MARC,French|Catalan|Welsh
68,DOMINICK,English
69,LLOYD,English
70,ALEXSA,na
71,ELSA,English|German|Swedish|Icelandic|Finnish|Italian
72,RITA,Italian|English|Swedish|Norwegian|Danish|German|Hungarian|Spanish|Portuguese
73,VRAI,na
74,GRACE,English
75,PATIENCE,English
76,MEI,Chinese|Japanese
77,ROYAL,English
78,RONALDO,Portuguese
79,JUANA,Spanish
80,ROGER,English|French|Catalan|Swedish|Norwegian|Danish|German|Dutch
81,STACEY,English
82,PARI,Persian
83,AMRITA,Indian|Hindi|Punjabi|Bengali
84,YATES,American (Rare)|English
85,LITTLE,"English (American, Rare)|English (Rare)|English"
86,CLARISSE,French
87,GERMANY,English|English
88,SANDRA,Italian|English|French|Spanish|Portuguese|German|Dutch|Swedish|Norwegian|Danish|Icelandic|Latvian|Lithuanian|Polish|Slovene|Croatian|Serbian|Macedonian|Czech|Romanian
89,SOPHIE,French|English|German|Dutch
90,MOUSSA,Western African|French
91,ATLANTA,"English (Modern, Rare)"
92,ARTHUR,English|French|German|Dutch|Norwegian|Danish|Swedish|Welsh Mythology|Arthurian Romance
93,QUENTIN,French|English
94,DOM,English
95,LAURENT,French
96,HEWITT,English|English
97,MING,Chinese
98,ALADDIN,Literature
99,FELIPE,Spanish|Portuguese (Brazilian)
100,SANDRINE,French
101,LAMBERT,German|Dutch|French|English|Ancient Germanic
102,HENRYK,Polish
103,JANINE,French|English|Dutch|German
104,SEHER,Turkish
105,MICHAEL,English|German|Swedish|Norwegian|Danish|Dutch|Czech|Biblical|Biblical Latin|Biblical Greek
106,YACOUB,na
107,ALI,Arabic|Persian|Urdu|Pashto|Indonesian|Malay|Avar|Kazakh|Dhivehi|English
108,BARRY,Irish|English
109,JENNY,English|Swedish|Finnish|German|Dutch|Spanish
110,GANESH,Indian|Hindi|Marathi|Kannada|Tamil|Malayalam|Telugu|Bengali|Nepali
111,EMMANUEL,Biblical|French|English
112,ROSHAN,Persian|Indian|Hindi|Marathi|Nepali
113,SHELLY,English
114,LAINE,Estonian
115,OLGA,Russian|Ukrainian|Polish|German|Swedish|Norwegian|Danish|Icelandic|Latvian|Hungarian|Italian|Spanish|Portuguese|Romanian|Czech|Slovene|Serbian|Bulgarian|Greek
116,DEVLIN,English (Modern)|Irish
117,PRIMO,Italian
118,OLIVER,English|German|Swedish|Norwegian|Danish|Finnish|Estonian|Catalan|Serbian|Croatian|Macedonian|Czech|Slovak
119,ALMA,English|Spanish|Italian|Dutch|Hebrew
120,LUCKY,English|Indian|Hindi
121,MARGARET,English
122,MARIUS,Ancient Roman|Romanian|German|Dutch|Norwegian|Danish|French
123,OSKAR,Swedish|Norwegian|Danish|German|Polish
124,NICOLE,French|English|Dutch|German
125,ABRAHAM,English|Hebrew|Spanish|French|Dutch|German|Swedish|Norwegian|Danish|Biblical|Biblical Latin
126,TAMINA,German|Swedish (Rare)|Literature
127,NADJA,German|Slovene
128,LEO,German|Dutch|Swedish|Norwegian|Danish|Finnish|English|Croatian|Late Roman
129,CAROLA,Italian|German|Dutch|Swedish
130,JULES,French|English
131,DAN,Biblical|Biblical Hebrew|Hebrew|English|Spanish|French|Portuguese|Romanian|Czech|German|Swedish|Danish|Norwegian|Swedish|Danish|Norwegian
132,JED,English
133,DAVIDE,Italian
134,AI,Japanese|Chinese
135,BAKER,English|English
136,MIRANDA,English|Dutch
137,VLADIMIR,Russian|Serbian|Croatian|Bulgarian|Macedonian|Slovene|Medieval Slavic
138,ALENA,German|Czech|Slovak|Slovene
139,AUGUSTA,German|Italian|Portuguese|Polish|Dutch|English|Ancient Roman
140,NICOLAE,Romanian
141,KATE,English|Croatian
142,JAMIE,Scottish|English
143,NORRA,na
144,ADRIEN,French
145,MARIANNE,French|English|German|Dutch|Swedish|Norwegian|Danish|Finnish
146,KAISER,Various
147,SAN,Japanese|Dutch|Limburgish|Vietnamese|Burmese|Korean|Chinese|Chinese
148,POLA,Polish
149,AGNES,English|German|Dutch|Swedish|Norwegian|Danish|Icelandic|Ancient Greek (Latinized)
150,HAWA,Arabic
151,MATEUS,Portuguese
152,SABA,Georgian
153,BESS,English
154,JUSTINE,French|English|Dutch|German
155,JULIE,French|Danish|Norwegian|Czech|English|German|Dutch|Spanish|Portuguese
156,RAFE,English
157,MARTINE,French|Dutch|Norwegian
158,KIKI,English|German|Greek
159,LUCCA,"English (Modern, Rare)|Portuguese (Brazilian)"
160,PORTER,English
161,CASTOR,Greek Mythology (Latinized)
162,BLUE,English (Rare)|English
163,LUCREZIA,Italian
164,ABEL,English|French|Spanish|Portuguese|Georgian|Biblical|Biblical Latin|Biblical Greek
165,EBENEZER,Biblical
166,JONES,English|English|Welsh
167,ZANA,Slovene|Croatian|Persian|Albanian|Lithuanian (Modern)|Kurdish|Croatian|Bosnian|Serbian
168,DENIS,French|Russian|English|German|Czech|Slovak|Slovene|Romanian|Croatian
169,JULIO,Spanish
170,AIME,French|Japanese
171,MOURAD,Arabic (Maghrebi)
172,MARX,"Medieval German|East Frisian (Archaic)|Medieval Jewish|English (American, Modern, Rare)|Alsatian (Archaic)"
173,FLINT,English
174,LIMA,Chinese
175,ISIDRO,Spanish
176,MARIAMA,Western African|Bissau-Guinean
177,DALI,Spanish|English|Georgian Mythology|Chinese|English|Spanish|Medieval Slavic
178,LISA,English|German|Dutch|Swedish|Norwegian|Danish|Italian
179,CHICAGO,Algonquin
180,MILLY,Swedish|Norwegian|English
181,GWEN,Welsh|English
182,TEXAS,English
183,MARCELLE,French
184,FERDINAND,German|French|Dutch|English|Czech|Slovak|Slovene|Croatian|Ancient Germanic
185,MATY,na
186,BRADEN,English|Irish
187,HELEN,English|Swedish|Norwegian|Danish|Greek Mythology (Anglicized)
188,MAGGIE,English
189,LILIANE,French
190,STEVE,English
191,GARLAND,English
192,MANI,Hinduism|Tamil|Indian|Malayalam|Telugu|Kannada|Persian
193,NOIRE,na
194,HAPPY,English (Rare)
195,PREM,Indian|Hindi|Marathi|Tamil|Telugu|Kannada|Malayalam|Nepali
196,COURT,English
197,SYA,na
198,ANTONINO,Italian
199,KARA,English|Ottoman Turkish
200,TROY,English
201,ANGELI,"Filipino|English (American, Modern, Rare)"
202,DAVID,English|Hebrew|French|Scottish|Spanish|Portuguese|German|Swedish|Norwegian|Danish|Dutch|Czech|Slovene|Russian|Croatian|Serbian|Macedonian|Romanian|Biblical|Biblical Latin
203,JEANETTE,French|English|Danish|Swedish|Norwegian|Dutch
204,SANG,Korean
205,MILAN,Czech|Slovak|Russian|Serbian|Croatian|Slovene|Bulgarian|Macedonian
206,FIONA,Scottish|English
207,BARBARA,English|Italian|French|German|Polish|Hungarian|Slovene|Croatian|Swedish|Danish|Norwegian|Late Roman
208,PEDRO,Spanish|Portuguese
209,ISIS,Egyptian Mythology (Hellenized)
210,NIAN,Chinese
211,RAYMOND,English|French
212,TENZING,Tibetan
213,SHEPHERD,English|English
214,SADIE,English
215,GEORGE,English|Romanian
216,VAL,English
217,EFRAIN,Spanish
218,KLAUS,German|Danish|Norwegian|Finnish
219,SAFI,Arabic
220,MICKEY,English
221,MONTRE,na
222,DIEGO,Spanish
223,REED,English
224,CHEN,Chinese|Hebrew
225,HIROSHI,Japanese
226,KAROLINA,Polish|Swedish|Norwegian|Danish|Hungarian|Slovene|Croatian|Macedonian|Lithuanian|German
227,ANNELIESE,German|Dutch
228,SOPHIA,English|Greek|German|Ancient Greek
229,ARABELLA,English
230,SAMY,French
231,MARITZA,Spanish (Latin American)
232,CASPER,Dutch|Swedish|Norwegian|Danish
233,BAYLOR,English
234,JOANNE,English|French
235,LALITA,Hinduism|Indian|Hindi|Marathi
236,BERNICE,English|Biblical|Biblical Latin
237,DIVA,English (Rare)|Sanskrit|Hindi|Indian|Hinduism|Nepali|Marathi|Bengali|Gujarati|Punjabi|Tamil|Telugu|Kannada|Malayalam|Croatian
238,CRISTAL,English
239,KHALIL,Arabic
240,GABRIEL,French|Spanish|Portuguese|German|Swedish|Norwegian|Danish|Finnish|Catalan|English|Romanian|Polish|Czech|Slovak|Georgian|Biblical|Biblical Latin|Biblical Greek
241,MATIAS,Finnish|Portuguese
242,JACQUES,French
243,MADELEINE,French|English|Swedish
244,SIBYLLA,Greek|German|Swedish|Late Roman|Late Greek
245,TRICIA,English
246,PARIS,Greek Mythology|Various
247,ROOSEVELT,English
248,BALTHAZAR,Judeo-Christian Legend
249,CASE,English
250,MYRA,English
251,SHAW,English (Rare)|Scottish
252,LARRY,English
253,EMERSON,English
254,TIM,English|German|Dutch|Slovene|Swedish|Norwegian|Danish
255,JO,English|German|Dutch|Norwegian
256,FRED,English|Dutch|German|French|Portuguese
257,TIAN,Slovene
258,GRAY,English
259,COPPER,English
260,HOLLY,English
261,MOE,English|Japanese
262,NORMA,English|Italian|Literature
263,ANNIE,English|French|Dutch
264,WARD,English
265,OSCAR,English|Irish|Portuguese (Brazilian)|Italian|Swedish|Norwegian|Danish|Dutch|French|Irish Mythology
266,ANTHONY,English
267,CINDY,English
268,ARCHIE,Scottish|English
269,VIOLETTE,French
270,MIRACLE,English (Modern)
271,KENA,Spanish|English (Rare)
272,VINCENT,English|French|Dutch|Danish|Swedish|Slovak
273,MALIK,Arabic|Native American|Greenlandic
274,NESTOR,Greek Mythology|Russian
275,KITTY,English
276,PAGE,English
277,JAMELA,na
278,ROYALE,English (Rare)
279,WOLF,German|Jewish|English (Rare)|Ancient Germanic
280,IRISH,English|Filipino
281,AMINATA,Western African
282,MEDINA,English|Arabic|Bosnian|Various|Spanish|English|Spanish|Portuguese|Italian|German|Dutch
283,RON,English|Hebrew
284,FRANCES,English
285,WEST,English|English|German|Anglo-Saxon|Old High German|Old Dutch
286,ANNA,English|Italian|German|Dutch|Swedish|Norwegian|Danish|Finnish|Estonian|Latvian|Greek|Hungarian|Polish|Russian|Ukrainian|Belarusian|Czech|Slovak|Bulgarian|Icelandic|Faroese|Catalan|Occitan|Breton|Biblical|Old Church Slavic|Biblical Latin|Biblical Greek
287,TODD,English
288,YASMIN,Persian|Arabic|English (Modern)
289,REBECCA,English|Italian|Swedish|Biblical|Biblical Latin
290,MARIE,French|Czech|German|English|Swedish|Norwegian|Danish
291,BOB,English|Dutch
292,SVEN,Swedish|Norwegian|Danish|German|Dutch
293,ADAM,English|French|German|Dutch|Swedish|Norwegian|Danish|Polish|Czech|Slovak|Russian|Ukrainian|Croatian|Serbian|Macedonian|Romanian|Catalan|Hebrew|Arabic|Georgian|Biblical|Biblical Latin|Biblical Greek|Biblical Hebrew
294,KOFI,Western African|Akan
295,EVANS,English|Welsh
296,SAHIL,Bengali (Hindu)
297,WENDY,English
298,DURRELL,African American
299,JOOD,English (Modern)
300,KABIR,Arabic|Indian|Arabic
301,AMEN,Egyptian Mythology (Anglicized)
302,RADHA,Hinduism|Indian|Telugu|Tamil|Kannada|Hindi|Marathi
303,NIXON,English (Modern)
304,KATIA,Italian|Russian|Ukrainian|Bulgarian
305,WATTS,na
306,ISIDORE,English|French|Georgian (Rare)|Jewish
307,FAITH,English
308,AMOUR,French
309,DEVINE,Irish|English
310,JOY,English
311,BILL,English
312,AWA,Hawaiian|Polish (Rare)|Maori|African
313,KABE,na
314,CALI,English (Modern)
315,CACHE,English (American)
316,MAGDA,German|Dutch|Swedish|Norwegian|Danish|Czech|Slovak|Polish|Hungarian|Croatian|Romanian|Portuguese|Greek
317,MANUELA,Spanish|Portuguese|Romanian|German|Italian
318,JACINTO,Spanish|Portuguese
319,GUSTAV,Swedish|Norwegian|Danish|German
320,KATHY,English
321,LARSEN,English|Danish
322,COURAGE,English (Rare)
323,DOUGLAS,Scottish|English
324,MARA,Biblical|Hungarian|Croatian|Serbian
325,FREDDY,English
326,KEITA,Japanese|Latvian (Modern)|Eastern African
327,RAINBOW,English (Rare)
328,NINA,Russian|Italian|English|German|French|Swedish|Norwegian|Danish|Finnish|Dutch|Polish|Slovene|Czech|Slovak|Croatian|Serbian|Native American|Quechua|Aymara|Russian
329,IO,Greek Mythology
330,IVES,History
331,JOLIE,English
332,ETIENNE,French
333,LUC,French|Welsh
334,ORION,Greek Mythology
335,ZAMORA,American (?)
336,NOVI,na
337,FANNY,English|French|Spanish
338,MY,Swedish
339,FITZGERALD,"English (American, Rare)|Haitian Creole|Irish"
340,LINETTE,English
341,MIKEY,English
342,ITALIA,Italian
343,COLETTE,French
344,KAILASH,Indian|Hindi|Marathi
345,MAURICE,English|French
346,AMY,English
347,MATHIEU,French
348,GINGER,English
349,BERTHA,German|English|Ancient Germanic
350,LIAM,Irish|English|French (Modern)|Dutch (Modern)|Swedish (Modern)
351,THOMAS,English|French|German|Dutch|Swedish|Norwegian|Danish|Greek|Biblical|Biblical Latin|Biblical Greek
352,HENRY,English
353,XIAN,Galician|Chinese|Chinese|Chinese|Chinese|Chinese|Chinese
354,TOM,English|Dutch|German|Norwegian|Danish|Swedish|Hebrew
355,RIVER,English (Modern)
356,SANTIAGO,Spanish|Portuguese
357,TONIA,English
358,FATOUMATA,Western African
359,MARS,Roman Mythology
360,ANNELIES,German|Dutch
361,NATALIE,English|German|Dutch|Swedish|Danish|Norwegian
362,BOSCO,Spanish|Italian
363,MELI,Hawaiian|Ancient Greek
364,ANN,English
365,BRIDGET,Irish|English|Irish Mythology
366,WIATT,na
367,TAREK,Arabic
368,BUSTER,English
369,PARK,Irish|Korean|English|English|Medieval English
370,JADE,English|French
371,NOURA,Arabic
372,RENARD,French (Rare)
373,LEDGER,English (Rare)
374,CONNOLLY,na
375,CONNIE,English
376,REIKO,Japanese
377,MAME,Popular Culture
378,GIULIANO,Italian
379,TANIA,English|Italian
380,LAKSHMI,Hinduism|Indian|Telugu|Kannada|Tamil|Malayalam|Marathi|Hindi
381,LYNN,English
382,RAYLA,"English (American, Modern)"
383,UNIQUE,English (Modern)
384,ELLIS,English|Welsh
385,WALDO,English|German|Ancient Germanic
386,YASMINA,Arabic
387,FLOR,Catalan|Russian|Spanish|Portuguese|Jewish|Judeo-Spanish
388,JUDEN,na
389,ASIM,Arabic|Indian|Hindi|Bengali
390,LILLIAN,English
391,TURNER,English|English
392,LAURA,English|Spanish|Italian|Portuguese|Romanian|Finnish|Estonian|Hungarian|Polish|Slovene|Croatian|Czech|Slovak|Swedish|Norwegian|Danish|German|Dutch|Lithuanian|Latvian|Late Roman
393,LISE,French|Swedish|Norwegian|Danish|English
394,MINNIE,English
395,EZEKIAL,English (Rare)
396,CURTIS,English
397,MUHAMMAD,Arabic|Urdu|Punjabi|Pashto|Bengali|Tajik|Indonesian|Malay|Avar
398,ERIKA,Swedish|Norwegian|Danish|Finnish|German|Hungarian|Czech|Slovene|Croatian|English|Italian
399,KADY,English
400,HARLEM,Various
401,VIVIANE,French
402,HAYES,English
403,WRIGHT,English
404,KELLER,American|German
405,WILLIE,English
406,CASANOVA,American (Rare)
407,AMAR,Indian|Hindi|Marathi|Bengali|Bosnian
408,MARILYN,English
409,AMER,Arabic|Bosnian
410,BARRET,English (Rare)
411,HAN,Chinese|Dutch|Medieval English|Popular Culture|English|Chinese|Korean|Chinese|Korean
412,MONTREZ,na
413,RAOUL,French|Italian
414,MAYA,Hinduism|Indian|Hindi|Marathi|English|Hebrew
415,NOEL,English
416,LOIS,English|Biblical|Biblical Latin|Biblical Greek|Galician
417,LYON,"English (Canadian, Rare)|English|French|English|French|French|English|French|English|German"
418,AVRIL,French (Rare)|English (Rare)
419,LOWELL,English
420,ANGELO,Italian
421,SOLIMAN,Arabic|Jewish
422,ELODIE,French|Louisiana Creole (Rare)|English (Rare)
423,ASHLEY,English
424,ROSS,Scottish|English
425,ZEE,English|Various
426,ISLAM,Arabic|Kazakh|Chechen|Ingush
427,SOLOMON,Biblical|English|Jewish
428,YUAN,Chinese|Japanese|Chinese|Chinese|Chinese|Chinese
429,GERALD,English|German
430,CRAIG,Scottish|English
431,SARAH,English|French|German|Hebrew|Arabic|Biblical|Biblical Hebrew
432,YOSHI,Japanese
433,BOSTON,English (American)
434,KEVIN,English|Irish|French (Modern)|German (Modern)|Dutch (Modern)|Swedish (Modern)|Norwegian (Modern)|Danish (Modern)
435,CHESTER,English
436,MARION,French|English|English
437,LEONIE,German|Dutch
438,JACOB,English|Dutch|Swedish|Norwegian|Danish|Jewish|Biblical
439,TISHA,English|African American
440,REECE,Welsh
441,NAVY,English (American)|Khmer
442,CAROLINE,French|English|German|Swedish|Norwegian|Danish|Dutch
443,SITA,Hinduism|Indian|Hindi|Nepali
444,PAVEL,Russian|Czech|Bulgarian|Slovene|Macedonian
445,SYLVIE,French
446,MURPHY,Irish|English
447,KIMIKO,Japanese
448,ROQUE,Spanish|Portuguese
449,EUGENIO,Italian|Spanish
450,KAYA,Japanese|English|Literature|African|Turkish
451,MANSOUR,Arabic
452,RAVI,Hinduism|Indian|Hindi|Marathi|Bengali|Odia|Gujarati|Telugu|Tamil|Kannada|Nepali
453,REYNOLDS,English (Rare)|English
454,DISNEY,"English (Modern, Rare)|English"
455,HANNIBAL,Phoenician (Latinized)|History
456,ERNEST,English|French|Slovene|Polish
457,TATE,English
458,OLYMPIA,Greek|Slovak
459,HARKER,na
460,DAVIS,English
461,MICK,English|Dutch
462,KURT,German|English
463,BRONX,English
464,LOLITA,Spanish
465,AXEL,Danish|Swedish|Norwegian|German|French
466,MARK,English|Russian|Dutch|Danish|Biblical
467,MONET,Various
468,IBRAHIM,Arabic|Malay|Indonesian|Bosnian|Dhivehi
469,NATURE,"American (Rare, Archaic)"
470,TOMMY,English
471,JUNIOR,English
472,ELIZABETH,English|Biblical
473,MADISON,English
474,SUSAN,English
475,MONTE,English
476,GUILLERMO,Spanish
477,SABINE,French|German|Danish
478,BART,English|Dutch
479,SHEILA,Irish|English
480,MAYER,Hebrew|German|Jewish|English
481,TRACER,na
482,BIRCH,English
483,VIOLA,English|Italian|Swedish|Norwegian|Danish|German|Hungarian|Czech
484,SOLEIL,Various
485,ISSAM,Arabic (Maghrebi)|Arabic
486,FRANKLIN,English
487,AVE,Estonian
488,AUGUSTIN,French|Czech|Romanian|Croatian|German
489,ORLY,Hebrew
490,MOLLY,English
491,CAROLE,French
492,STANTON,English|English
493,STEVENS,English
494,MEENA,Indian|Hindi|Marathi|Tamil
495,ELLIOTT,English
496,AIYA,na
497,ALLEN,English|Scottish
498,DALY,Irish|English (Rare)
499,LEVIS,na
500,MARCEL,French|Catalan|Romanian|Polish|Czech|Slovak|Dutch|German
501,PIERRE,French|Swedish
502,MIGUEL,Spanish|Portuguese
503,ALBINA,Russian|Ukrainian|Italian|Portuguese|Spanish|Slovene|Polish|German|Lithuanian|Ancient Roman
504,GEORGES,French
505,DAVIDSON,English (Rare)|English
506,BUCK,English
507,CHARLIE,English
508,TAIS,Portuguese (Brazilian)|Bulgarian|Russian|Spanish
509,MATILDA,English|Swedish|Finnish
510,MERCER,English|English
511,RACHEL,English|Hebrew|French|German|Dutch|Biblical|Biblical Latin|Biblical Greek|Biblical Hebrew
512,JAZZ,English (Modern)
513,BENZ,na
514,VALLEY,"American (Rare, Archaic)"
515,ARTIE,English
516,GERTRUDE,English|Dutch
517,MAISIE,Scottish|English (British)
518,PETER,English|German|Dutch|Swedish|Norwegian|Danish|Slovene|Slovak|Biblical
519,CAMILLE,French|English
520,JATIN,Indian
521,OASIS,na
522,MARLEY,English (Modern)
523,LARISSA,English|Portuguese (Brazilian)|Greek Mythology (Latinized)
524,CHRISTMAS,English (Rare)
525,CHRISTOPHE,French
526,KARMA,Bhutanese
527,BRAD,English
528,PAOLO,Italian
529,ZURICH,na
530,ETHEL,English
531,LIBAN,Arabic|Somali
532,DARELL,English
533,LUDMILA,Czech|Latvian|Russian
534,TELL,na
535,SHARON,English
536,CANDELARIA,Spanish
537,SIDNEY,English
538,TRACE,English
539,BRUNO,German|Italian|Spanish|Portuguese|French|Croatian|Polish|Ancient Germanic
540,NAIROBI,Popular Culture
541,ADONIS,Greek Mythology
542,ROSARIO,Spanish|Italian
543,JIN,Chinese
544,MARTIN,English|French|German|Swedish|Norwegian|Danish|Russian|Romanian|Czech|Slovak|Slovene|Croatian|Hungarian|Bulgarian|Macedonian|Finnish
545,ALIOUNE,Western African|Wolof|Fula|Serer
546,ALBERTO,Italian|Spanish|Portuguese
547,HARRIETT,English
548,DANNY,English
549,KARINE,French|Norwegian
550,ADORABLE,na
551,RAJAH,Indian
552,HARTFORD,English (American)
553,APPLE,"English (Modern, Rare)"
554,MONICA,English|Italian|Romanian|Late Roman
555,SIMON,English|French|Swedish|Norwegian|Danish|German|Dutch|Hungarian|Slovene|Romanian|Macedonian|Georgian|Biblical|Biblical Latin|Biblical Greek|Ancient Greek|Greek Mythology
556,CHRISTELLE,French
557,JAN,Dutch|Swedish|Norwegian|Danish|Czech|Polish|Slovene|German|Catalan|Sorbian|English|Medieval English
558,PATRICK,Irish|English|French|German|Danish|Norwegian|Swedish
559,RICH,English
560,DUBLIN,English (Modern)
561,JOEY,English
562,CAROLIN,German
563,KANSAS,na
564,BABY,na
565,HANS,German|Dutch|Swedish|Norwegian|Danish
566,FISCHER,American|German
567,LUCIE,French|Czech
568,REX,English
569,SOLO,Norwegian (Rare)|Basque
570,JACK,English
571,JOHANNA,German|Swedish|Norwegian|Danish|Dutch|Hungarian|Finnish|Estonian|English|Late Roman
572,MAC,English
573,KENNEDY,English|Irish
574,OLIVE,English|French
575,ROSALIA,Italian|Late Roman
576,WARNER,English
577,CARLA,Italian|Portuguese|Spanish|Catalan|English|German|Dutch
578,MAIRE,Finnish
579,MYRIAM,French
580,NATALI,Russian|Ukrainian
581,AMBRE,French
582,ROCKY,English
583,ADAYA,Spanish (Rare)|Hebrew
584,NAPOLEON,History|English
585,BERLIN,Various
586,RIKI,Finnish|Japanese|Estonian|Hebrew
587,FRANCISCO,Spanish|Portuguese
588,MERCEDES,Spanish
589,CROCKETT,English (Rare)
590,KENYA,English|African American
591,WARRICK,English (Rare)
592,DOMINIQUE,French
593,SUZIE,English
594,DELANCEY,American|English
595,LOUISE,French|English|Danish|Swedish|Dutch|German
596,PAUL,English|French|German|Dutch|Swedish|Norwegian|Danish|Romanian|Biblical
597,TAMARA,Russian|Ukrainian|Czech|Slovak|Polish|Slovene|Croatian|Serbian|Macedonian|Hungarian|English|Dutch|Spanish|Italian
598,TONI,Finnish|Croatian|Bulgarian|Spanish|Portuguese|German|English
599,SAHARA,English (Rare)
600,HUGO,Spanish|Portuguese|English|Dutch|German|French|Swedish|Norwegian|Danish|Ancient Germanic (Latinized)
601,WINDY,English
602,VICTORIA,English|Spanish|Romanian|German|Swedish|Norwegian|Danish|Late Roman|Roman Mythology
603,PORTLAND,English (Rare)
604,SUE,English
605,SAMI,Finnish|Arabic
606,JAGGER,English (Modern)
607,GATES,English
608,FERRARI,American (Rare)|Italian
609,PAULA,German|English|Finnish|Spanish|Portuguese|Catalan|Romanian|Hungarian|Polish|Dutch|Swedish|Norwegian|Danish|Latvian|Croatian|Ancient Roman
610,BARNEY,English
611,JUSTIN,English|French|Slovene
612,TEO,Italian|Spanish|Croatian
613,SHELDON,English
614,MIA,Swedish|Norwegian|Danish|Dutch|German|English
615,KLARA,Swedish|Norwegian|Danish|Icelandic|German|Russian|Ukrainian|Polish|Slovene|Croatian
616,MAPLE,American (Rare)|Literature
617,THOMPSON,English (Rare)|English
618,RAY,English
619,JIM,English
620,BRYONY,English (Rare)
621,BOND,Anglo-Scandinavian|Ancient Scandinavian|Swedish (Rare)|English
622,NILS,Swedish|Norwegian|Danish
623,MALINA,Scottish|Bulgarian|Serbian|Polish
624,VALENTINE,English|French
625,SHELLEY,English
626,MARQUIS,African American
627,JENNIFER,English|German|Dutch|Swedish|Spanish
628,HAKIM,Arabic
629,DICKSON,English
630,GABRIELA,Portuguese|Polish|Romanian|Spanish|German|Czech|Slovak|Croatian|Bulgarian
631,ART,English
632,BELLE,English
633,EMMANUELLE,French
634,OSAMA,Arabic
635,ROBERT,English|French|Swedish|Norwegian|Danish|German|Dutch|Czech|Polish|Russian|Slovene|Croatian|Romanian|Ancient Germanic
636,CRUE,na
637,ANJA,Swedish|Norwegian|Danish|Finnish|Slovene|Croatian|Serbian|German|Dutch
638,JUAN,Spanish|Manx|Chinese
639,BELL,English|Scots|English|English
640,ANTONIO,Spanish|Italian|Croatian
641,COSETTE,French|Literature
642,THURSTON,English|Medieval English
643,EARLY,English (Rare)
644,YOUNG,Korean
645,SNYDER,"English (American, Rare)|English"
646,AMI,Biblical|English|Japanese|Hebrew
647,RANDY,English
648,CHINA,English (Modern)
649,SERGE,French
650,MELISSA,English|Dutch|Ancient Greek|Greek Mythology
651,MICHEL,French|German|Dutch
652,MARIA,Italian|Portuguese|Catalan|Occitan|German|Swedish|Norwegian|Danish|Faroese|Dutch|Frisian|Greek|Polish|Romanian|English|Finnish|Corsican|Sardinian|Basque|Russian|Bulgarian|Ukrainian|Biblical Greek|Biblical Latin|Old Church Slavic
653,SYANA,na
654,SCOTT,English|Scottish
655,NIKOLAI,Russian|Bulgarian
656,HARPER,English
657,CALVIN,English
658,RHODES,English|English
659,COEN,Dutch
660,IRIS,Greek Mythology|English|German|Dutch|Swedish|Norwegian|Danish|Finnish|French|Spanish|Greek
661,CIEL,Various
662,ROWE,English|English|English
663,OAK,Popular Culture|English
664,ALEX,English|Dutch|German|French|Portuguese|Italian|Romanian|Greek|Swedish|Norwegian|Danish|Icelandic|Hungarian|Czech|Russian
665,VALDEMAR,Swedish|Norwegian|Danish|Finnish
666,ZOHRA,Tatar|Bashkir|Arabic (Maghrebi)|Azerbaijani (Rare)
667,BLEU,English
668,OLLIE,English
669,CHRIST,Theology
670,BETO,Spanish
671,ARNOLD,English|German|Dutch|Ancient Germanic
672,JAYDA,English (Modern)
673,MILES,English
674,AIDA,Arabic|Literature
675,TRIS,English|Literature
676,RUE,English
677,LEON,English|German|Polish|Slovene|Croatian|Dutch|Ancient Greek
678,YUKI,Japanese
679,VANDER,"Dutch (Surinamese, Rare, Archaic)|American|Brazilian"
680,BERGEN,Yakut
681,KAORI,Japanese
682,LOLA,Spanish|English
683,JESSICA,English|French|German|Swedish|Norwegian|Danish|Dutch|Italian|Spanish
684,HARRIET,English
685,CAMBRIDGE,English (Rare)
686,JENSON,English (Modern)
687,RUDOLPH,English
688,CLYDE,English
689,MIMI,English|Italian
690,LILI,German|French|Hungarian
691,ALFONSO,Spanish|Italian
692,ZOLIE,Various (Modern)
693,AMANDA,English|Spanish|Portuguese|Italian|Dutch|Swedish|Norwegian|Danish|German|Late Roman
694,CONNER,English (Modern)
695,CLOUD,English|Popular Culture|French (Archaic)
696,TEMPLE,English (Rare)
697,ARDEN,English
698,ABDALLAH,Arabic
699,DEBORAH,English|Biblical
700,CRISTO,Italian|Spanish|Portuguese
701,SUSIE,English
702,MAMADOU,Western African|Wolof|Serer|Fula|Manding
703,MONTY,English
704,WILDE,English
705,NABIL,Arabic
706,SHADOW,English (Rare)
707,EMMA,English|French|Italian|Spanish|Swedish|Norwegian|Danish|Icelandic|Finnish|Dutch|German|Ancient Germanic
708,CHRISTIAN,English|French|German|Swedish|Norwegian|Danish
709,ESTER,Spanish|Catalan|Portuguese|Italian|Czech|Swedish|Norwegian|Danish|Icelandic|Finnish|Hebrew
710,LUCIEN,French
711,MABEL,English
712,MARINA,Italian|Spanish|Portuguese|German|Swedish|Norwegian|Danish|Dutch|English|Greek|Finnish|Estonian|Russian|Ukrainian|Romanian|Czech|Bulgarian|Croatian|Serbian|Slovene|Macedonian|Latvian|Georgian|Ancient Roman
713,ALBIN,Swedish|Norwegian|Danish|Polish|French|English|Slovene
714,DOC,English
715,OXFORD,"American (South, Archaic)"
716,ARLES,na
717,EILEEN,Irish|English
718,CHRISTINA,English|German|Swedish|Norwegian|Danish|Dutch|Greek
719,JUDAS,Biblical
720,SPIRIT,English (Rare)
721,FINCH,English (Rare)|Literature
722,CARLOS,Spanish|Portuguese
723,JOSETTE,French
724,ANGELA,English|Italian|German|Dutch|Romanian|Slovene|Slovak|Russian|Macedonian|Late Roman
725,ERNST,German|Dutch|Danish|Norwegian|Swedish
726,PHILIPPE,French
727,CARLY,English
728,ROSALIE,French|German|Dutch|English
729,RICHARD,English|French|German|Czech|Slovak|Dutch|Ancient Germanic
730,NATHAN,English|French|Hebrew|Biblical|Biblical Latin|Biblical Greek
731,ELISE,German|Norwegian|Danish|Swedish|Dutch|English
732,WOLFRAM,German
733,ANDREW,English|Biblical
734,ADDA,Welsh|English
735,KHADIJA,Arabic
736,MATHIAS,French|German|Swedish|Norwegian|Danish
737,FRIEDRICH,German
738,CHARLOTTE,French|English|German|Swedish|Norwegian|Danish|Dutch
739,MOMO,Japanese|Spanish|Japanese|Japanese
740,WINNIE,English
741,LOTUS,English (Rare)
742,CASWELL,English
743,CHRIS,English|Dutch
744,SARA,Greek|Spanish|Italian|Portuguese|Catalan|Swedish|Norwegian|Danish|Icelandic|Finnish|German|French|Dutch|Slovene|Croatian|Serbian|Macedonian|Polish|English|Hebrew|Arabic|Persian|Bosnian
745,LESLEY,English
746,GASPAR,Spanish|Portuguese|Judeo-Christian Legend
747,MATTHIEU,French
748,BELLA,English
749,MAXIME,French
750,GOD,"American (Archaic)|English (Modern, Rare)|Ancient Germanic|Anglo-Saxon|Ancient Germanic|Anglo-Saxon"
751,MARTA,Spanish|Italian|Portuguese|Catalan|Polish|Czech|Slovak|German|Dutch|Romanian|Slovene|Bulgarian|Serbian|Croatian|Macedonian|Russian|Swedish|Icelandic|Latvian|Georgian
752,DELPHINE,French
753,ROMANO,Italian
754,DONALD,Scottish|English
755,BOBBY,English
756,TINA,English|Italian|Dutch|Slovene|Croatian|Macedonian
757,EVE,English|Biblical
758,ELZBIETA,Lithuanian|Polish
759,CHRISTOPHER,English
760,ALAIN,French
761,SUMMER,English
762,LI,Chinese|Hebrew
763,HAYDN,English (British)
764,THANE,English (Rare)
765,PABLO,Spanish
766,ADDISON,English
767,AN,Chinese|Vietnamese|Sumerian Mythology
768,MAISON,English (British)
769,ADMIRE,na
770,DARLENE,English
771,HEMINGWAY,English (Rare)
772,ATLAS,Greek Mythology
773,ZEYNAB,Persian|Azerbaijani
774,GIRL,na
775,WILSON,English
776,LORENZ,German
777,MIRIAM,Hebrew|English|German|Swedish|Norwegian|Danish|Italian|Spanish|Portuguese|Biblical|Biblical Hebrew
778,LAI,Various|Chinese|Chinese
779,CHARMAINE,English
780,LUCAS,English|Dutch|French|Portuguese|Spanish|Swedish|Danish|Norwegian|Biblical Latin
781,CROIX,English
782,CATHY,English
783,CAPRICE,English
784,JANE,English
785,PRICE,Welsh
786,KYO,Japanese
787,DONNA,English
788,LUIS,Spanish
789,SANTA,Italian|Latvian
790,GAMILA,Arabic (Egyptian)
791,LUKE,English|Biblical
792,WASHINGTON,English
793,AKIKO,Japanese
794,RAIN,English (Rare)|Estonian
795,CLARA,German|Spanish|Portuguese|Italian|French|Catalan|Romanian|English|Swedish|Danish|Late Roman
796,ARLISS,American (Rare)
797,ALEXANDER,English|German|Dutch|Swedish|Norwegian|Danish|Icelandic|Hungarian|Slovak|Biblical|Ancient Greek (Latinized)|Greek Mythology (Latinized)
798,SIERRA,English (Modern)
799,CAN,Turkish
800,FATIHA,Arabic (Maghrebi)
801,BEN,English|German|Dutch|Dutch
802,WILLARD,English
803,LYDIA,English|German|Biblical|Old Church Slavic|Biblical Latin|Biblical Greek
804,JACOBI,English
805,SAGE,English (Modern)
806,LAUREL,English
807,MAMIE,English
808,CANON,English
809,MI,English|Portuguese|Japanese (Rare)|Chinese|Japanese|Korean|Japanese|Japanese|Japanese|Japanese|Ancient Hebrew
810,KRISTIN,Swedish|Norwegian|Danish|German|English
811,SULTAN,Arabic|Turkish|Urdu|Bengali|Avar
812,KIMI,Finnish
813,KEATS,American
814,MARTIAL,History
815,ROSANNA,Italian|English
816,JULIETTE,French
817,JACQUELINE,French|English
818,YORK,English
819,JERRY,English
820,ANA,Spanish|Portuguese|Slovene|Bulgarian|Romanian|Croatian|Serbian|Macedonian|Georgian
821,ROCCO,Italian|Ancient Germanic
822,ARIZONA,American (Rare)|Popular Culture
823,ALPHONSE,French
824,FREE,English (American)
825,GASTON,French
826,JUPITER,Roman Mythology (Anglicized)
827,NOLAN,Irish|English
828,RUMI,Japanese
829,MERIDIAN,Literature
830,PEARL,English
831,HANNAH,English|Hebrew|French|German|Dutch|Swedish|Arabic|Biblical
832,PASCALE,French
833,ROSE,English|French
834,JON,Swedish|Norwegian|Danish|Basque|English
835,FLANNERY,English (Rare)
836,IDA,English|German|Swedish|Norwegian|Danish|Dutch|Italian|Spanish|Portuguese|Hungarian|Slovene|Croatian|Ancient Germanic
837,REINE,French
838,TRISH,English
839,AMOR,Roman Mythology|Late Roman|Spanish|Portuguese
840,MARTHA,English|Swedish|Norwegian|Danish|Dutch|German|Greek|Biblical|Old Church Slavic|Biblical Latin|Biblical Greek
841,SERA,English (Rare)
842,RONNIE,English
843,HARBOR,English
844,FOX,English (Modern)
845,DORA,English|Italian|Spanish|Greek|Croatian|Serbian|Dutch
846,BAM,"Popular Culture|English (Modern, Rare)"
847,MOHAMED,Arabic (Egyptian)|Arabic (Maghrebi)|Dhivehi
848,LINA,Arabic|English|Italian|Spanish|German|French|Lithuanian|Swedish|Danish|Norwegian|Indian|Hindi
849,KLINE,na
850,MERI,Finnish|Georgian
851,SALAH,Arabic|Biblical
852,SARAS,Norwegian|Sanskrit
853,MANOLO,Spanish
854,LOUIS,French|English|Dutch
855,ALBANY,English
856,LILIA,Spanish|Italian|Russian|Ukrainian
857,MOHAMMED,Arabic|Bengali
858,BERNIE,English
859,JAVIER,Spanish
860,HOPE,English
861,PROSPER,French|English
862,BLAIR,Scottish|English
863,RICARDO,Spanish|Portuguese
864,MILKA,Serbian|Croatian|Slovene|Macedonian|Bulgarian|Biblical
865,SHERMAN,English
866,MAI,Vietnamese|Japanese
867,HAROLD,English
868,BRIAN,English|Irish|Ancient Irish
869,ZITA,Italian|Portuguese|German|Czech|Slovak|Hungarian
870,LONG,Chinese|Vietnamese|English|Chinese|Chinese
871,MILLER,English (Rare)|English
872,KARLA,German|Swedish|Norwegian|Danish|Czech|Croatian
873,LION,"Venetian|Medieval Italian (Tuscan)|Hebrew (Modern, Rare)"
874,SALINA,English
875,LORA,English|Italian
876,YVES,French
877,BERNARD,English|French|Dutch|Polish|Croatian|Slovene|Czech|Ancient Germanic
878,LYNNETTE,English
879,MOUSTAPHA,Western African
880,MANHATTAN,English
881,ALEM,Bosnian
882,MALAIKA,Arabic
883,NIAMH,Irish|Irish Mythology
884,POWER,"English (Modern, Rare)|English|Irish|English"
885,ISAAC,English|Spanish|Catalan|Jewish|Biblical|Biblical Latin
886,RIO,Various|Japanese
887,ELEANOR,English
888,KAY,English|Welsh Mythology|Arthurian Romance|Frisian|German|Swedish|Norwegian|Danish
889,BENJAMIN,English|French|German|Dutch|Danish|Swedish|Norwegian|Biblical
890,JAMES,English|Biblical
891,JOAN,English|Catalan|Occitan
892,SAM,English|Persian|Persian Mythology|Literature
893,CARLOTA,Spanish|Portuguese
894,JILL,English
895,NORBERT,German|English|Dutch|French|Hungarian|Polish|Ancient Germanic
896,HENNESSY,"English (Modern, Rare)|Irish"
897,AHMED,Turkish|Bosnian|Dhivehi|Arabic|Urdu|Pashto
898,AKBAR,Arabic|Persian|Urdu|Indian (Muslim)
899,TEA,Croatian|Slovene|Swedish|Danish|Norwegian|Finnish
900,DANIELA,Italian|German|Czech|Slovak|Romanian|Portuguese|Spanish|Bulgarian|Macedonian|English
901,AVIS,English
902,VIVA,"Indian|Sanskrit|American (Rare, Archaic)|Medieval Occitan|Italian (Archaic)"
903,JEANNETTE,French|English|Dutch
904,WILMA,German|Dutch|English
905,SERRA,English|Medieval Jewish
906,LIANE,German
907,AZIZ,Arabic|Persian|Urdu|Uzbek
908,HAMED,Arabic|Persian
909,OWEN,Welsh|English|Irish
910,KENNETH,Scottish|English|Swedish|Norwegian|Danish
911,TONY,English
912,DIANE,French|English
913,JESSE,English|Dutch|Finnish|Biblical
914,JAMA,Greenlandic|English (Modern)
915,RANDAL,English
916,ANTOINE,French|African American
917,LEROY,English
918,MILLIE,English
919,AZIZA,Arabic|Judeo-Arabic (Archaic)|Azerbaijani|Eastern African
920,ROSA,Spanish|Italian|Portuguese|Swedish|Norwegian|Danish|Dutch|German|English|Bulgarian|Serbian|Croatian|Macedonian
921,AIDE,Lithuanian (Rare)|Basque Mythology
922,INDIA,English
923,ORVILLE,English
924,DANIELLE,French|English
925,DRAGON,na
926,FRANCE,French
927,PATRICE,French|English
928,MAJA,Croatian|Serbian|Slovene|German|Danish|Swedish|Norwegian|Polish|Croatian|Serbian|Macedonian|Slovene|German|Danish|Swedish|Norwegian|Polish|Czech|Slovak
929,SHEIKH,Muslim|Bengali (Muslim)|Indian (Muslim)
930,LEESON,na
931,RADIN,Persian (Rare)
932,LIDIA,Polish|Italian|Spanish|Romanian
933,WILLIAMS,English (American)|English
934,CATALINA,Spanish|Corsican
935,CHAPMAN,English|English
936,DAILY,na
937,MARISKA,Hungarian|Dutch
938,WAYLAND,English
939,MONROE,Scottish|English
940,SEMA,Turkish|Finnish
941,JOSEFA,Spanish|Portuguese|Czech
942,PRINCE,English
943,FERNANDO,Spanish|Portuguese
944,STEPHANIE,English|German
945,ALIA,Arabic|Ancient Germanic
946,KARINA,Swedish|Danish|Norwegian|Polish|German|Russian|English|Latvian
947,MARQUE,"African American (Modern, Rare)"
948,DELTA,English
949,RAFAEL,Spanish|Portuguese|German|Hungarian|Slovene|Hebrew
950,CARTER,English
951,NIL,Catalan|Russian (Rare)
952,DINA,Norwegian|Danish|Swedish|Latvian|English|Biblical Latin|Biblical Greek|Italian|Portuguese
953,MARCUS,Ancient Roman|Biblical Latin|English|Swedish|Norwegian|Danish
954,RUBY,English
955,HANA,Arabic|Bosnian|Czech|Slovak|Croatian|Sorbian|Japanese|Korean
956,BORIS,Bulgarian|Russian|Slovene|Croatian|Serbian|Macedonian|Czech|Slovak|Georgian|German
957,LULU,German|Arabic
958,ALLE,Frisian
959,SILVER,English (Rare)
960,BRUCE,Scottish|English
961,MISTER,na
962,SIMONE,French|English|Italian
963,SAMIR,Arabic|Indian|Hindi|Marathi|Bengali|Gujarati
964,LUTHER,English
965,DEVI,Hinduism|Indian|Hindi|Tamil
966,ROXY,English
967,LEVI,Hebrew|English|Dutch|Biblical|Biblical Latin
968,SALOMON,French|Swedish|Norwegian|Danish|Biblical French|Biblical Latin|Biblical Greek
969,TRAVIS,English
970,ADDIS,Amharic|Ethiopian
971,MATTHEW,English|Biblical
972,BIBI,Danish|Swedish|Norwegian (Rare)|Icelandic|Turkmen|Portuguese|Portuguese|Bashkir|Japanese|Hebrew
973,MIREILLE,French
974,SHOSHANA,Hebrew
975,LUCIANO,Italian|Spanish|Portuguese
976,DANIEL,English|Hebrew|French|German|Swedish|Norwegian|Danish|Polish|Czech|Slovak|Spanish|Portuguese|Romanian|Slovene|Bulgarian|Macedonian|Croatian|Armenian|Georgian|Biblical|Biblical Greek
977,YAN,Belarusian|Chinese
978,JODY,English
979,TOUSSAINT,French
980,LILY,English
981,MEGAN,Welsh|English
982,JULIA,English|German|Swedish|Norwegian|Danish|Dutch|Spanish|Polish|Finnish|Russian|Ukrainian|Ancient Roman|Biblical
983,KARTIKEYA,Hinduism
984,ROI,Galician|Hebrew
985,NEIL,Irish|Scottish|English
986,BEAUX,English (British)
987,SMITH,English
988,DAVY,English
989,OLIVIER,French|Dutch
990,OLAF,Norwegian|Danish|German|Dutch|Polish
991,JULIEN,French
992,LIONEL,French|English
993,PAULINA,Spanish|Portuguese|Polish|Swedish|Lithuanian|English|Ancient Roman
994,KHAN,Urdu|Pashto
995,ALLIA,English (Rare)
996,ARON,Polish|Croatian|Swedish|Norwegian|Danish|Icelandic
997,COLIN,Scottish|Irish|English|English
998,MAYNARD,English
999,LEXA,English
1000,JEANNE,French|English
1001,MALKA,Hebrew
1002,BEATRICE,Italian|English|Swedish
1003,MELADEE,na
1004,ELLA,English|English|Swedish|Norwegian|Danish|Finnish
1005,DESMOND,English|Irish
1006,PRUDENCE,English|French
1007,STEVEN,English|Dutch
1008,TAJ,Arabic
1009,WHITT,English
1010,REBEL,English (Rare)
1011,VIA,Danish|Norwegian|Swedish|Finnish
1012,INES,Italian|Slovene|Croatian
1013,ROY,Scottish|English|Dutch
1014,ABDOU,Western African
1015,PIERCE,English
1016,OTIS,English
1017,GRETA,German|Italian|Lithuanian|Swedish|English
1018,ROME,Various|French|English|English|French|Dutch
1019,ALFRED,English|French|Swedish|Norwegian|Danish|German|Polish|Dutch
1020,LAKE,English (Rare)
1021,ELISABETH,German|Dutch|Swedish|Norwegian|Danish|English|Biblical|Biblical Latin
1022,LISETTE,French|English
1023,DENISE,French|English|Dutch
1024,ELLEN,English|Dutch
1025,SAMSON,Biblical|English|French|Biblical Latin
1026,HAROUN,Arabic
1027,LINCOLN,English
1028,CHRISTINE,French|English|German|Swedish|Norwegian|Danish|Dutch
1029,THEODOR,German|Swedish|Norwegian|Danish|Czech|Romanian
1030,KAREN,Danish|Norwegian|Icelandic|German|English|Armenian|Japanese
1031,CLAIRE,French|English
1032,JAY,English|Indian|Hindi|Marathi|Gujarati
1033,VIENNE,French (Rare)
1034,LEWIS,English
1035,CLAUDE,French|English
1036,MARCELINO,Spanish|Portuguese
1037,EDITH,English|German|Swedish|Norwegian|Danish|Dutch
1038,DAVE,English
1039,COLLINS,English (American)|Irish|English
1040,MATIN,na
1041,JOCELYNE,French
1042,SVETLANA,Russian|Slovak|Bulgarian|Serbian|Macedonian
1043,BRAVE,English
1044,TONIO,Italian
1045,WESTON,English
1046,THIERRY,French
1047,YI,Chinese
1048,LYMAN,English
1049,GERMAIN,French
1050,MILO,English|Ancient Germanic
1051,DARLA,English
1052,TADASHI,Japanese
1053,ANDREA,Italian|English|German|Spanish|Czech|Slovak|Hungarian|Swedish|Norwegian|Danish|Icelandic|Dutch|Croatian|Serbian
1054,VALENTIN,French|Romanian|German|Danish|Swedish|Norwegian|Czech|Russian|Bulgarian|Slovene|Croatian|Macedonian
1055,DWAYNE,English
1056,SHERIDAN,English
1057,LESLIE,English
1058,PATRICIA,English|Spanish|German|Late Roman
1059,MAYBELLINE,English (Rare)
1060,AUDREY,English
1061,JOHN,English|Swedish|Danish|Norwegian|Dutch|Biblical
1062,ROSANNE,English|Dutch
1063,ROGERS,English (American)|English
1064,RIKKI,English (Modern)
1065,SUZANNE,French|English|Dutch
1066,JABIN,Biblical
1067,YASMINE,Persian|Arabic|English (Modern)
1068,LEE,English
1069,SIDDHARTH,Indian|Hindi|Marathi|Gujarati
1070,CHARLES,English|French
1071,SHAUN,English
1072,TARIK,Bosnian|Arabic
1073,TERESA,Spanish|Portuguese|Italian|Polish|Finnish|German|Swedish|Norwegian|Danish|English
1074,MURIEL,English|French|Irish
1075,EDMOND,French
1076,KARL,German|Swedish|Norwegian|Danish|English|Finnish|Ancient Germanic
1077,RONAN,Irish|English|Breton
1078,SIRIUS,Astronomy
1079,SULLIVAN,English
1080,YOON,Batonu
1081,VANESSA,English|Italian|Portuguese|German|Dutch
1082,FORBES,Scottish
1083,FRANK,English|German|Dutch|French|English
1084,LORI,English
1085,KARIM,Arabic|Persian
1086,MOSES,English|Jewish|Biblical|Biblical Latin
1087,MARGUERITE,French
1088,BENTLEY,English
1089,AMEL,Bosnian|Arabic (Maghrebi)
1090,SARAFINA,English|Swahili
1091,FRANCIS,English|French
1092,DURAND,French|French|English
1093,HEAVEN,English (Modern)
1094,GALE,English|English
1095,ULA,Polish
1096,PHYLLIS,Greek Mythology|English|German
1097,SAHEL,Persian
1098,JIMMY,English
1099,BECCA,English
1100,SAY,na
1101,BAR,Hebrew
1102,YALE,Welsh
1103,FAISAL,Arabic
1104,BEAUMONT,English (Rare)
1105,RENO,Japanese|Italian|Popular Culture|Spanish
1106,ANGELES,Spanish
1107,NIKI,Greek|English
1108,VIVI,Danish|Swedish|Norwegian
1109,JETTE,Dutch
1110,APOLLINE,French
1111,HEINRICH,German|Ancient Germanic
1112,PARKER,English
1113,BO,Swedish|Danish|Chinese
1114,ABDUL,Arabic|Urdu|Punjabi|Pashto|Bengali|Indonesian|Malay
1115,ITALIE,na
1116,DESTIN,"American (Modern, Rare)|Haitian Creole (Rare)|African"
1117,FLEUR,French|Dutch|English (Rare)
1118,HENNING,German|Danish|Norwegian|Swedish
1119,LOU,English|French
1120,BAIRD,English|Scottish
1121,TARA,English|Hinduism|Indian|Hindi|Nepali
1122,KALI,Hinduism|Bengali|Tamil
1123,SAXON,English (Rare)
1124,SAMUEL,English|French|German|Dutch|Spanish|Portuguese|Polish|Czech|Slovak|Swedish|Norwegian|Danish|Finnish|Jewish|Biblical
1125,ANGELINE,French
1126,ERWIN,German|Dutch|Ancient Germanic
1127,LANE,English
1128,SHANE,Irish|English
1129,HANSEN,English|Danish|Norwegian
1130,ALEXANDRE,French|Portuguese|Galician|Catalan
1131,BILLY,English
1132,JOIE,English (Rare)
1133,JUDE,English|Biblical|English
1134,EMILY,English
1135,SEAN,Irish|English
1136,SHIRIN,Persian
1137,NOBEL,Portuguese (Brazilian)
1138,IVORY,African American
1139,BENJI,English
1140,ALICE,English|French|Portuguese|Italian|Czech
1141,BERTRAND,French|English|Ancient Germanic
1142,CARMEN,Spanish|English|Italian|Romanian
1143,MAN,Indian|American|Balinese|Chinese (Cantonese)|Chinese|Ancient Germanic|Old High German|Old Dutch|Swedish
1144,MIKE,English
1145,JEFFREY,English
1146,KAL,Scottish (Rare)|English (Rare)
1147,EDDA,Italian|Icelandic|Ancient Scandinavian
1148,KATRIN,German|Swedish|Estonian
1149,SALAM,Arabic
1150,BENITO,Spanish|Italian
1151,OSIRIS,Egyptian Mythology (Hellenized)
1152,MAGDALENA,Polish|German|Dutch|Swedish|Norwegian|Danish|Spanish|Catalan|Occitan|Slovene|Czech|Bulgarian|Macedonian|Croatian|Serbian|Romanian|English
1153,PEACE,English (Rare)
1154,BEAU,English
1155,ED,English|Dutch
1156,DIDIER,French
1157,SHAH,Persian
1158,NATHALIE,French|Dutch|German|Swedish|Danish|Norwegian
1159,CASEY,English|Irish
1160,JOSEPH,English|French|German|Biblical
1161,DON,English
1162,LEVY,English|Hebrew
1163,MOHAN,Indian|Hindi|Marathi|Kannada|Tamil|Telugu|Malayalam
1164,SHIVA,Hinduism|Indian|Telugu|Tamil|Kannada|Malayalam|Nepali|Persian
1165,HANNA,Swedish|Norwegian|Danish|Finnish|Polish|Ukrainian|Belarusian|German|Dutch|Icelandic|Hungarian|Hebrew|German|Swedish|Norwegian|Danish|Finnish|Dutch|Hungarian
1166,WILL,English
1167,AVERY,English
1168,ABDELAZIZ,Arabic (Maghrebi)
1169,WILLIS,English
1170,HABIB,Arabic
1171,JOAQUIN,Spanish|English (American)
1172,PAULINE,French|English|German|Swedish|Norwegian|Danish
1173,CAROL,English|Romanian
1174,MANUEL,Spanish|Portuguese|German|English|Italian|French|Romanian|Late Greek (Latinized)
1175,CARMINE,Italian
1176,TYLER,English
1177,ANIS,Arabic
1178,FABIAN,German|Dutch|Polish|English
1179,RASHID,Arabic
1180,THOR,Norse Mythology|Norwegian|Danish|Swedish
1181,JOLI,English
1182,YUKIKO,Japanese
1183,ALAN,English|Scottish|Breton|French
1184,MYSTIC,English|Popular Culture
1185,TARO,Japanese
1186,RICO,Spanish|Italian
1187,ROMAIN,French
1188,JONATHAN,English|German|Swedish|Norwegian|Danish|Dutch|French|Biblical
1189,RUTH,English|German|Dutch|Swedish|Norwegian|Danish|Spanish|Biblical|Biblical Latin|Limburgish
1190,AZALEA,English (Modern)
1191,POLLY,English
1192,STORY,English (Modern)
1193,CHET,English
1194,GLEN,Scottish|English
1195,JUDITH,English|Jewish|French|German|Spanish|Biblical
1196,EZRA,Biblical|English|Hebrew
1197,NANA,Greek|Japanese|Georgian
1198,STANLEY,English
1199,EXCEL,na
1200,BANKS,English|English
1201,LOREN,English
1202,MAX,German|English|Swedish|Norwegian|Danish|Dutch|Czech|Russian
1203,CLARK,English
1204,FORD,English
1205,GIGI,French
1206,DODGE,Medieval English|Scots|English
1207,BONNIE,English
1208,LONDON,English (Modern)
1209,FREEMAN,English
1210,WALTER,English|German|Swedish|Norwegian|Danish|Italian|Ancient Germanic
1211,SAE,Japanese|Anglo-Saxon
1212,ANNE,French|English|Swedish|Norwegian|Danish|Finnish|German|Dutch|Basque|Frisian
1213,AL,English
1214,SAINT,American
1215,MONTEZ,na
1216,GUY,English|French|Hebrew
1217,STUART,English|Scottish
1218,SAMUELA,Italian
1219,SHEN,Chinese|Chinese|Chinese
1220,ERIC,English|Swedish|German|Spanish
1221,AFRICA,African American (Rare)|Irish|Scottish
1222,BRIGHTON,English
1223,GRAHAM,Scottish|English
1224,ZEN,Japanese|English
1225,SHERLOCK,Literature
1226,KEN,English|Japanese
1227,VIKTOR,Swedish|Norwegian|Danish|Icelandic|German|Hungarian|Czech|Slovak|Bulgarian|Russian|Ukrainian|Croatian|Serbian|Slovene|Macedonian
1228,KING,English
1229,MIKO,Spanish|Finnish (Modern)|Native American|Chickasaw|Japanese
1230,DANY,French
1231,ORSON,English
1232,IGOR,Russian|Polish|Slovene|Croatian|Serbian|Macedonian|Slovak|Czech|Italian|Portuguese
1233,LAWRENCE,English
1234,ANIKA,German|Dutch|Danish|Slovene|Indian|Hindi
1235,VICTOR,English|French|Portuguese|Romanian|Dutch|Swedish|Late Roman
1236,LENA,Swedish|Norwegian|Danish|German|Polish|Russian|English|Italian|Portuguese|Greek
1237,JUDY,English
1238,PHILIP,English|Swedish|Norwegian|Danish|Dutch|Biblical
1239,SIRE,Sami|African American
1240,BETSY,English
1241,GERALDINE,English
1242,ANITA,Spanish|Portuguese|Croatian|Slovene|English|Dutch|German|Swedish|Norwegian|Danish|Finnish|Polish|Latvian|Indian|Hindi|Marathi|Tamil
1243,KATARINA,Swedish|Norwegian|Danish|German|Croatian|Serbian|Slovene|Sorbian
1244,ROBIN,English|Dutch|Swedish
1245,JEAN,French|English|Scottish
1246,SETH,English|Biblical|Biblical Latin|Biblical Greek|Egyptian Mythology (Hellenized)
1247,MONA,Irish|English|Swedish|Norwegian|Danish|Arabic
1248,BERNADETTE,French|English
1249,RAYNER,English (Archaic)
1250,LAMA,Arabic|Italian
1251,HANK,English
1252,JORGE,Spanish|Portuguese
1253,LEXUS,English
1254,DOROTHY,English
1255,RANGER,English
1256,ISLAND,na
1257,FABIEN,French
1258,THELMA,English
1259,AVANT,na
1260,CATHERINE,French|English
1261,GITA,Indian|Hindi
1262,ABERDEEN,English
1263,KIM,English|Danish|Swedish|Norwegian|Finnish|Vietnamese
1264,CAILLOU,Popular Culture
1265,DOROTHEA,German|Dutch|Danish|Norwegian|English|Late Greek
1266,SALIM,Arabic
1267,HOLLAND,"English (American, Rare)|English|Dutch|German|English|Dutch|English|German|English"
1268,HENDERSON,English
1269,ASHA,Indian|Hindi|Marathi|Kannada|Malayalam|Eastern African|Swahili
1270,RICHIE,English
1271,MORRIS,English|Medieval English
1272,AFTON,English
1273,DIANNE,French|English
1274,JOSEPHINE,English|German|Dutch
1275,HOWARD,English
1276,FATOU,Western African
1277,GABY,English (Rare)|French (Rare)|Spanish
1278,MARIN,French|Romanian|Croatian|Serbian|Bulgarian|Macedonian
1279,BALDWIN,English|Ancient Germanic
1280,NELSON,English
1281,RAM,Biblical|Indian|Hindi|Marathi|Bengali|Tamil|Telugu|Malayalam|Kannada|Nepali
1282,MALI,Thai
1283,DIXIE,English
1284,AYANO,Japanese
1285,ERICH,German
1286,KALYAN,Indian|Hindi|Bengali|Telugu
1287,JOSH,English
1288,IGNACIO,Spanish
1289,CHEVY,English
1290,BARBIE,English
1291,JASON,English|French|Greek Mythology (Anglicized)|Biblical
1292,EDGAR,English|French
1293,BRAX,English (Australian)
1294,JUMA,Arabic|Swahili|Uyghur
1295,OMAR,Arabic|English|Spanish|Italian|Biblical
1296,FATIMA,Arabic
1297,GRACELAND,na
1298,ROYCE,English
1299,AMADOU,Western African|Wolof|Serer|Fula|Manding
1300,NANCY,English
1301,MALIN,Swedish|Norwegian
1302,VAN,English
1303,BELINDA,English
1304,ALBERT,English|French|Catalan|German|Polish|Russian|Dutch|Swedish|Norwegian|Danish|Icelandic|Romanian|Hungarian|Ancient Germanic
1305,GLENN,Scottish|English
1306,ELISA,Italian|Spanish|Portuguese|German|Finnish|English
1307,FIN,West Frisian (Rare)|Old Danish|Old Swedish|Norwegian (Rare)|Medieval Irish|English|Scottish|Irish
1308,MATHILDE,French|German|Dutch|Norwegian|Danish
1309,STEPHEN,English|Biblical
1310,ROCK,English (Rare)
1311,HARRY,English
1312,GABIN,French
1313,LAFAYETTE,"English (American, Rare)"
1314,ROBINSON,English|Literature|Spanish (Latin American)|English
1315,BRIGITTE,German|French
1316,FRITZ,German
1317,NAINA,Indian|Hindi
1318,PIOTR,Polish
1319,HILDE,German|Dutch|Norwegian
1320,RICHMOND,English
1321,BOY,North Frisian|West Frisian|East Frisian|Dutch|Danish|German|English (Rare)
1322,JOE,English
1323,ANDREJ,Slovene|Czech|Slovak|Croatian|Serbian|Macedonian
1324,WINTER,English (Modern)
1325,KENT,English
1326,AGATHE,French|German|Norwegian|Danish|Ancient Greek
1327,NETTIE,English
1328,TOMI,Finnish|Hungarian|Welsh
1329,HENRI,French|Finnish
1330,YOUSSEF,Arabic
1331,LINDA,English|German|Dutch|Italian|Swedish|Norwegian|Danish|Icelandic|French|Latvian|Finnish|Hungarian|Czech|Slovak|Ancient Germanic
1332,BERK,Turkish
1333,RAINIER,French (Rare)
1334,HARDY,English
1335,RALPH,English|Swedish|Norwegian|Danish|German
1336,ARMAND,French
1337,TERRY,English|English
1338,LESTER,English
1339,MOSS,English (Archaic)|Jewish
1340,LUCY,English
